<?xml version="1.0" encoding="UTF-8"?>
<project-private xmlns="http://www.netbeans.org/ns/project-private/1">
    <editor-bookmarks xmlns="http://www.netbeans.org/ns/editor-bookmarks/2" lastBookmarkId="0"/>
    <open-files xmlns="http://www.netbeans.org/ns/projectui-open-files/2">
        <group>
            <file>file:/Users/cristianestrada/NetBeansProjects/DSM404_Sucursal_Rest/src/java/org/utl/dsm/controller/ControllerSucursal.java</file>
            <file>file:/Users/cristianestrada/NetBeansProjects/DSM404_Sucursal_Rest/src/java/org/utl/dsm/model/Estado.java</file>
            <file>file:/Users/cristianestrada/NetBeansProjects/DSM404_Sucursal_Rest/src/java/org/utl/dsm/rest/RestSucursal.java</file>
            <file>file:/Users/cristianestrada/NetBeansProjects/DSM404_Sucursal_Rest/src/java/org/utl/dsm/model/Sucursal.java</file>
            <file>file:/Users/cristianestrada/NetBeansProjects/DSM404_Sucursal_Rest/src/java/org/utl/dsm/model/Ciudad.java</file>
        </group>
    </open-files>
</project-private>
